"Name","Email","Active","Role"
"Altaf Shariff","altaf.shariff@omf.com","True","Administrators"
"Ashley Turley","ashley.turley@omf.com","True","Administrators"
"Divya Ramkumar","divya.ramkumar@omf.com","True","Administrators"
"Donna Cravens","donna.cravens@omf.com","False","Administrators"
"Former user","Unknown","False","Administrators"
"Former user","Unknown","False","Administrators"
"Former user","Unknown","False","Administrators"
"Former user","Unknown","False","Administrators"
"Former user","Unknown","False","Administrators"
"Jamie Hayes","jamie.hayes@omf.com","True","Administrators"
"Lisa Reed","lisa.reed@omf.com","False","Administrators"
"Matt Nobles","matthew.nobles@omf.com","True","Administrators"
"Matt Zywusko","matthew.zywusko@omf.com","False","Administrators"
"Tommie Payne","tommie.payne@omf.com","True","Administrators"
